frame_index,timestamp,hash
0,0.0,bd9dc8c20636d9c9
1,0.03,9d9dc8c60636d9c9
2,0.07,9d99c8ce0636d9c9
3,0.1,bd99c8ce063699c9
4,0.13,bd99c8ce063699c9
5,0.17,bd99c8ce063699c9
6,0.2,b999c8ce063699e9
7,0.23,b999c8ce063699e9
8,0.27,b999c8ce063699e9
9,0.3,b399c8ce0636d9c9
10,0.33,b399c8ce0636d9c9
11,0.37,b399c8ce0636d9c9
12,0.4,b399c8ce0636d9c9
13,0.43,b399c8ce0636d9c9
14,0.47,b39bc8ce063699c9
15,0.5,b39bc8ce063699c9
16,0.53,b39bc8ce063499cb
17,0.57,b399c8ce063499eb
18,0.6,b399c8ce063499eb
19,0.63,b399ccce063099eb
20,0.67,b399ccce063099eb
21,0.7,b399dcce043099eb
22,0.73,b399dcce043099eb
23,0.77,b399dcce043099eb
24,0.8,b399dcce043099eb
25,0.83,b39bccce043099eb
26,0.87,b39bccce043099eb
27,0.9,b39bccce043099eb
28,0.93,b39bcccc063099eb
29,0.97,b39bc8cc063499eb
30,1.0,b39bc8cc0634d96b
31,1.03,b39bc8cc0634d96b
32,1.07,b39bc8cc0634d96b
33,1.1,b39bc8cc0634d96b
34,1.13,b39bc8cc0636996b
35,1.17,b39bc8cc0636996b
36,1.2,b39bc8cc0636996b
37,1.23,b39bc8cc0636996b
38,1.27,b39fc8cc0634996b
39,1.3,b39fc8cc0634996b
40,1.33,b39fc8cc0634996b
41,1.37,b39fc8cc0634996b
42,1.4,b39fc8cc0634996b
43,1.43,b39fc8cc0634996b
44,1.47,b39fc8cc0634996b
45,1.5,b39fc8cc0634996b
46,1.53,b39fc8cc0634996b
47,1.57,b39fc8cc0634996b
48,1.6,b39fc8cc0634996b
49,1.63,b39fc8cc0634996b
50,1.67,b39fc8cc0634996b
51,1.7,b39fc8cc0634996b
52,1.74,b39bc8cc1634996b
53,1.77,b39bc8cc1634996b
54,1.8,b39bc8cc1634996b
55,1.84,b39bc8cc1636992b
56,1.87,b39bc8cc1636992b
57,1.9,b39bc8cc1636992b
58,1.94,b39bc8cc1636992b
59,1.97,b39bc8cc1436996b
60,2.0,b39fc8cc1436916b
61,2.04,b39fc8cc1436916b
62,2.07,b39fc8cc1437912b
63,2.1,b39fc8cc1437912b
64,2.14,b39bc8cc1c37912b
65,2.17,b39bc8cc1c37912b
66,2.2,b39fc8cc1c33912b
67,2.24,b39fc8cc1c33912b
68,2.27,b39fc8cc1c33912b
69,2.3,bb9fc8cc1c33112b
70,2.34,bb9fc8cc1c33112b
71,2.37,bb9fc8cc1c33112b
72,2.4,bb9fc8cc1c33112b
73,2.44,bb9fc8cc1c33112b
74,2.47,bb9fc8cc1c33112b
75,2.5,bb9fc8cc1c33112b
76,2.54,bb9fc8cc1c33032b
77,2.57,bb9fc8cc1c33032b
78,2.6,bb9fc8cc1c33112b
79,2.64,bb9fc8cc1c3211ab
80,2.67,bb9fc8cc1c3211ab
81,2.7,bb9fc8cc1c3213a9
82,2.74,bb9fc8cc1c329329
83,2.77,bb9fc8cc1c329329
84,2.8,bb9fc8cc1c361329
85,2.84,bb9fc8cc1c361329
86,2.87,bb9fc8cc1e361129
87,2.9,bb9fc8cc1e361129
88,2.94,bb9fc8cc1e361321
89,2.97,bb9fc8cc1e360329
90,3.0,bb9fc8cc1e360329
91,3.04,bb9fc8cc16360369
92,3.07,bb9fc8cc14364369
93,3.1,bb9fc8cc14364369
94,3.14,bb9fc8cc14364369
95,3.17,ba9fc9cc14364369
96,3.2,ba9fc9cc14364369
97,3.24,ba9fc9cc14364369
98,3.27,ba9fc9cc14364369
99,3.3,ba9fc9cc14364369
100,3.34,ba9fc9cc14364369
101,3.37,b29fc9cc14365369
102,3.4,b29fc9cc14365369
103,3.44,b29fc9cc14365369
104,3.47,b29fc9cc1436c369
105,3.5,b39fc9cc1436c361
106,3.54,b79fc8cc1436c361
107,3.57,b79fc8cc1436c361
108,3.6,b79fc8cc1436c361
109,3.64,b79fc8cc14365361
110,3.67,b79fc8c81436d361
111,3.7,b79fc8c81436d361
112,3.74,979fc8c81436db61
113,3.77,979fc8c81436eb61
114,3.8,979fc8c81436eb61
115,3.84,979fc8c81436db61
116,3.87,b79fc8c81436d361
117,3.9,b79fc8c81436d361
118,3.94,b39fc8c81436db61
119,3.97,b39fc8c81436db61
120,4.0,b39fc8c81436db61
121,4.04,b39fccc81036db61
122,4.07,b39fccc81036db61
123,4.1,b39fccc81036db61
124,4.14,b39fccc81036db61
125,4.17,b39fccc81036db61
126,4.2,b39fccc81036db61
127,4.24,b39fccc81036db61
128,4.27,b39fccc81036db61
129,4.3,b39fccc81036db61
130,4.34,b39fccc81036db61
131,4.37,b39fccc81036db61
132,4.4,b39fccc81036db61
133,4.44,b39fccc81036db61
134,4.47,b19fcccc1036db61
135,4.5,b19fcccc1036db61
136,4.54,b19fcccc1036db61
137,4.57,b19dcccc1036db63
138,4.6,b19dcccc1036db63
139,4.64,b19dcccc1036db63
140,4.67,b19dcccc1036db63
141,4.7,b19fcccc1034db63
142,4.74,b19dcccc1034df63
143,4.77,b19dccce0034df63
144,4.8,b19dccce0034df63
145,4.84,b19bccce0034df63
146,4.87,b19bccce0034df63
147,4.9,b39bccce0038db63
148,4.94,b39bccce0038db63
149,4.97,b39fccce0038d963
150,5.0,b39fccce0038d963
151,5.04,b39fccce0038d963
152,5.07,b39fccce0038d963
153,5.11,b39bccce0238d963
154,5.14,b39bccce0238d963
155,5.17,b39bccce0238d963
156,5.21,b39bccce0238d963
157,5.24,b39bcccc023ad963
158,5.27,b39bcccc023ad963
159,5.31,b39bcccc063ad961
160,5.34,b39bcccc063ad961
161,5.37,b39bc8cc263ad961
162,5.41,b39bc8cc263ad961
163,5.44,b39bc8cc263ad961
164,5.47,b39bc8cc263ad961
165,5.51,b39bc8cc263ad961
166,5.54,b39bc8cc263ad961
167,5.57,b39bc8cc263ad961
168,5.61,b39fc8cc2632d961
169,5.64,b79bd8cc26329961
170,5.67,b79bd8cc26329961
171,5.71,b79bd8cc26329961
172,5.74,b79bd8cc24329969
173,5.77,b79bd8cc24329969
174,5.81,b79bd8cc24329969
175,5.84,b79bd8cc24329969
176,5.87,b79bd8cc24329969
177,5.91,b79bd8cc24329969
178,5.94,b79bd8cc24329969
179,5.97,b79bd8cc24329969
180,6.01,b79ad8cc24369969
181,6.04,b79ad8cc24369969
182,6.07,b79ed8cc24369169
183,6.11,b79fd8cc24369069
184,6.14,b79fd8cc24369069
185,6.17,b79fd8c82436906b
186,6.21,b79fd8c82434926b
187,6.24,bf9dd8c86434906b
188,6.27,bf9dd8c86434906b
189,6.31,bf9fd8c86434904b
190,6.34,bf9dd8c86c34904b
191,6.37,bf9dd0ca6c34904b
192,6.41,bf9dd0ca6c34904b
193,6.44,bf9dd0ca6c34904b
194,6.47,bf9dd0ca6c34904b
195,6.51,bf9dd0ca6c34904b
196,6.54,bf9dd0ca6c35904a
197,6.57,bf9dd0ca6c35904a
198,6.61,bf9dd0ca6c35904a
199,6.64,bf9dd0ca6c35904a
200,6.67,bb9dd0ca6e35904a
201,6.71,bb9dd0ca6e35904a
202,6.74,bb9dd0ca6e35904a
203,6.77,bb9dd0ce4e35904a
204,6.81,bb9dd0ce4e35904a
205,6.84,bb9dd0ce4e359142
206,6.87,bb9dd0ce4e359142
207,6.91,bb9dd4ce4e319142
208,6.94,bb9dd4ce4a399142
209,6.97,bb9dd4ce4a399142
210,7.01,9b9dd4ce4a39b142
211,7.04,9b99d4ce4b39b046
212,7.07,9b9bd4cc4b39b046
213,7.11,9b9b94cc4b3bb046
214,7.14,9b9b84cc4b2bb057
215,7.17,9b9b84c44b3bb057
216,7.21,9b9b84c44b3bb155
217,7.24,9b9b84c44b3bb155
218,7.27,9b9b84c44b3bb155
219,7.31,9b9b84c45b3bb055
220,7.34,9b9b84c45b3bb055
221,7.37,9b9b84c45b3bb055
222,7.41,9b9b84cc5a3bb055
223,7.44,9b9b84cc5a3ab155
224,7.47,9b9b84cc5a3ab155
225,7.51,9b9ba4cc5a3ab055
226,7.54,9b9ba4cc5a3ab145
227,7.57,9b9ba4cc5a3aa155
228,7.61,9b9ba4cc5a3aa155
229,7.64,9b9ba4cc5a3aa155
230,7.67,9b9ba4cc5a3aa155
231,7.71,9b9fa4cc5a3aa145
232,7.74,9b9fa4cc5a3aa145
233,7.77,9b9fa4cc5a3aa145
234,7.81,9b9fa4cc5a3aa145
235,7.84,9b9fa4cc5a3aa149
236,7.87,9b9fa4cc5a3aa149
237,7.91,9b9fa5cc5a32a149
238,7.94,9b9badcc5a32a149
239,7.97,9a9fadcc5a32a149
240,8.01,9a9fadcc5232a169
241,8.04,9a9fadcc5232a169
242,8.07,9a9fadcc5232a169
243,8.11,9a9fadcc5232a169
244,8.14,929fadcc5236a169
245,8.17,929fadcc5236a169
246,8.21,929fadcc5236a169
247,8.24,929fedcc5236a149
248,8.27,929fedc85236a169
249,8.31,929fedc85236a169
250,8.34,929fedc85236a549
251,8.38,929fedc85236a549
252,8.41,929fedc852368569
253,8.44,929fedc852368569
254,8.48,929fedc852368761
255,8.51,929fedc85036a761
256,8.54,929fedc85036a761
257,8.58,929fe9c85036af61
258,8.61,929fe9c85036af61
259,8.64,929fe9c85036af61
260,8.68,929fe9c85036af61
261,8.71,929fe9c85036af61
262,8.74,929fcdc85036af61
263,8.78,939fc9c85036af61
264,8.81,939fc9c85036af61
265,8.84,919fcbc85036af61
266,8.88,919fcac8503eaf61
267,8.91,919fcac8503eaf61
268,8.94,919fcac8503eaf61
269,8.98,919fcac8503eaf61
270,9.01,919fcac8503eaf61
271,9.04,919fcac8503eaf61
272,9.08,919fcac8503eaf61
273,9.11,919fcac8503eaf61
274,9.14,919fcac8503eaf61
275,9.18,919fcac8503eaf61
276,9.21,919fcac8503eaf61
277,9.24,959fcac8103eaf61
278,9.28,959fcac8103eaf61
279,9.31,959fcac8103ecf61
280,9.34,959fcac8103ecf61
281,9.38,919fcec8103ecf61
282,9.41,919fcec8103ecf61
283,9.44,919fcec8103ecf61
284,9.48,919fcec8103ecf61
285,9.51,919fcec8103ecf61
286,9.54,919fcacc103ecf61
287,9.58,919fcacc103ecf61
288,9.61,919fcacc103ecf61
289,9.64,919fcacc103ecf61
290,9.68,919fcacc103ecf61
291,9.71,919fcecc103ece61
292,9.74,919fcecc103ece61
293,9.78,919fcecc103ece61
294,9.81,919fcacc103ede61
295,9.84,919fcacc103ede61
296,9.88,919fcacc103ede61
297,9.91,b19fc8cc303ade61
298,9.94,b19fc8cc303ade61
299,9.98,b19fc8cc303ade61
300,10.01,b39dc8cc303ade61
301,10.04,b39dc8cc303ade61
302,10.08,b39dc8cc303ade61
303,10.11,b39dc8cc303ade61
304,10.14,b39fc8cc203ade61
305,10.18,b39fc8cc203ade61
306,10.21,b39fc8cc203ade61
307,10.24,b39fc8cc223adc61
308,10.28,b39fc8cc2232dd61
309,10.31,b39fc8cc2232dd61
310,10.34,b39fc8cc2232dd61
311,10.38,b39fc8cc2232dd61
312,10.41,b39fc8cc2232dd61
313,10.44,b39fc8cc2232dd61
314,10.48,b39fc8cc2232dd61
315,10.51,b79fc8cc2232dc61
316,10.54,b79fc8cc2232d865
317,10.58,b79fc8cc2232d865
318,10.61,b79fc8cc2232d865
319,10.64,b79fc8cc2232d865
320,10.68,b79bd8cc2232d865
321,10.71,b79bd8cc2632d861
322,10.74,b79bd8cc2632d861
323,10.78,b79bd8cc2632d861
324,10.81,b79bd8cc2632d861
325,10.84,b79ad8cc2632d865
326,10.88,b79ad8cc2632d865
327,10.91,b79ad8cc2632d869
328,10.94,b79ad8cc2632d869
329,10.98,b79ad8cc2632d869
330,11.01,b79ad8cc2632d869
331,11.04,b79ad8cc2632d869
332,11.08,b79ad8cc2632d869
333,11.11,b79ad8cc2632d869
334,11.14,b79ad8cc2632d869
335,11.18,b79ad8cc2632d869
336,11.21,b79ad8cc2632d869
337,11.24,b79ad8cc2632d869
338,11.28,b79ed8cc26329869
339,11.31,b79ed8cc26329869
340,11.34,b79ed8cc26329869
341,11.38,b79ed8cc26329869
342,11.41,b79ed8cc26329869
343,11.44,b79ed8cc26329869
344,11.48,bf9ed8cc26329069
345,11.51,bf9ed8cc26329069
346,11.54,bf9ed8cc26329069
347,11.58,bf9ed8cc26329069
348,11.61,bf9ad8cc26369069
349,11.64,bf9ed8c826369069
350,11.68,bf9ed8c826369069
351,11.71,bf9ed8c826369069
352,11.75,bf9ed8c826369069
353,11.78,bf9ed8c826369069
354,11.81,bf9fd0c826369069
355,11.85,bf9ed0c82e369069
356,11.88,bf9ed0c82e369069
357,11.91,bf9ed0c82e369069
358,11.95,bf9cd0c86e369069
359,11.98,bf9cd0c86e369069
360,12.01,bf9cd0c86e369069
361,12.05,bf9cd0c86e369069
362,12.08,bf9cd0c86e34906b
363,12.11,bf9cd0c86e34906b
364,12.15,bf9dd0c86e34904b
365,12.18,bf9dd0c86e34904b
366,12.21,bf9dd0c86e34904b
367,12.25,bf9dd0c86e34906a
368,12.28,bf9dd0c86e34906a
369,12.31,bf9dd0c86e35904a
370,12.35,bf9dd0c86e35904a
371,12.38,bf9dd0c86e35904a
372,12.41,bf9dd0c86e35904a
373,12.45,bf9dd0c86e35904a
374,12.48,bf9dd0c86e35904a
375,12.51,bf9dd0c86e35904a
376,12.55,bf9dd0c86e35904a
377,12.58,bf9dd0c86e35904a
378,12.61,bf9dd0c86e35904a
379,12.65,bf9dd0c86e35904a
380,12.68,bf9dd0c86e35904a
381,12.71,bf9dd0c86e35904a
382,12.75,bf9dd0c86e35904a
383,12.78,bf9dd0c86e35904a
384,12.81,bf9dd0c86e35904a
385,12.85,bf9dd0c86e35904a
386,12.88,bf9dd0c86e35904a
387,12.91,bf9dd0c86e35904a
388,12.95,bf9dd0c86e35904a
389,12.98,bf9dd0c86e35904a
390,13.01,bf9dd0c86e35904a
391,13.05,bf9dd0c86e35904a
392,13.08,bf9dd0c86e35904a
393,13.11,bf9dd0c86e35904a
394,13.15,bf99d0c86e35914a
395,13.18,bf9d90c86e35914a
396,13.21,bf9d90c86e35914a
397,13.25,bf9d90c86e35914a
398,13.28,bf9d90c86a37914a
399,13.31,bf9d90c86a37914a
400,13.35,bf9f90cc6a379140
401,13.38,bf9f90cc6a379140
402,13.41,bf9f90cc6a379140
403,13.45,bf9f90cc4a379340
404,13.48,bf9f90cc4a379340
405,13.51,9f9f90cc4a3f9340
406,13.55,9f9f90cc4a3b9344
407,13.58,9b9f90cc4a3b9744
408,13.61,9b9f90cc4a3b9744
409,13.65,9b9f84cc4a3b9744
410,13.68,9b9f84cc4a3b9345
411,13.71,9b9f84cc4a3b9545
412,13.75,9b9f84cc4a3b9545
413,13.78,9b9f84cc4a3a9745
414,13.81,9b9f84cc4a3a9745
415,13.85,9b9f84cc4a3a9745
416,13.88,9b9f84cc5a3a9545
417,13.91,9b9f84cc5a3a9545
418,13.95,9b9b84cc5a3a9745
419,13.98,9b9f84cc5a2a9745
420,14.01,9b9f84cc5a2ab741
421,14.05,9b9f84cc5a2ab741
422,14.08,9b9f84cc5a32b741
423,14.11,9b9f84cc5a22b751
424,14.15,9b9f84cc5a32a751
425,14.18,9b9f84cc5a32a751
426,14.21,9b9f84cc5a32a751
427,14.25,9b9f84cc5a32a751
428,14.28,9b9f85cc5a22a751
429,14.31,9a9f85cc5a32a751
430,14.35,9a9f85cc5a22a759
431,14.38,9a9f85cc5a32a749
432,14.41,9a9f85cc5a32a749
433,14.45,9a9e85cc5a36a569
434,14.48,9a9e85cc5a36a761
435,14.51,9a9e85cc5a36a761
436,14.55,9a9e85c85a36a769
437,14.58,9a9e85c85a36a769
438,14.61,9a9e8dc85236a769
439,14.65,9a9e8dc85236a769
440,14.68,9a9f8dc85236a569
441,14.71,9a9f8dc85236a569
442,14.75,9a9f8dc85236a569
443,14.78,9a9f8dc85236a569
444,14.81,9a9f8dc85236a569
445,14.85,9a9f8dc85236a569
446,14.88,929f8dc85236a769
447,14.91,929f8dc85236a56b
448,14.95,929f8dc85236a56b
449,14.98,929f8dc85236a56b
450,15.02,929f8dc85236a56b
451,15.05,929f8dc85236a56b
452,15.08,929d8dc85236ad6b
453,15.12,929d8dc85236ad6b
454,15.15,929d8dc85236ad6b
455,15.18,929dcdc852368d6b
456,15.22,929dcdc852368d6b
457,15.25,929dcdc852368d6b
458,15.28,929dcdc852368d6b
459,15.32,929dcdc852368d6b
460,15.35,929dcdc852368d6b
461,15.38,929fcdc852368d4b
462,15.42,929fcdc852368d4b
463,15.45,929fcdc852368f43
464,15.48,939fcdc850368f43
465,15.52,939fccc8503e8f43
466,15.55,939fccc8503e8f43
467,15.58,939fccc8503e8f43
468,15.62,939fc8cc503e8f43
469,15.65,939fc8cc503e8f43
470,15.68,939fc8cc503e8f43
471,15.72,939fc8cc503e8f43
472,15.75,979fc8cc503e8f41
473,15.78,979fc8cc503e8f41
474,15.82,979fc8cc503e8b61
475,15.85,979fc8cc503e8b61
476,15.88,959fc8cc543e8b61
477,15.92,b59fc8cc543a8b61
478,15.95,b59fc8cc743a8a61
479,15.98,b59fc8cc743a8a61
480,16.02,b59fc8cc743a8a61
481,16.05,b59fc8cc743a8a61
482,16.08,b59bcacc743a8a61
483,16.12,b59bcacc743a8a61
484,16.15,b59bcacc743a8a61
485,16.18,b59bcacc743a8a61
486,16.22,b59bcacc743a8a61
487,16.25,b59bcacc743a8a61
488,16.28,b59bcacc343a8a65
489,16.32,b59bcacc343a8a65
490,16.35,b59bcacc343a8a65
491,16.38,b59bc8cc343a9a65
492,16.42,b59bc8cc343a9a65
493,16.45,b59bc8cc343a9a65
494,16.48,b79bc8cc243a9b61
495,16.52,b79fc8cc24329b61
496,16.55,b79fc8cc24329b61
497,16.58,b79fc8cc24329b61
498,16.62,b79bc8cc24329b69
499,16.65,b79bc8cc24329b69
500,16.68,b79bd8cc24329b61
501,16.72,b59bd8cc24329b69
502,16.75,b59bd8cc24329b69
503,16.78,b59bd8cc24329b69
504,16.82,b59bd8cc24329b69
505,16.85,b59bd8cc24329b69
506,16.88,b59bd8cc24329b69
507,16.92,b59bd8cc24329b69
508,16.95,b59bd8cc24329b69
509,16.98,b59ad8cc24369b69
510,17.02,b59ad8cc24369b69
511,17.05,b59adac824369b69
512,17.08,b59adac824369b69
513,17.12,b59adac824369b69
514,17.15,b59adac824369b69
515,17.18,b59adac864369a69
516,17.22,b59adac864369a69
517,17.25,b59adac864369a69
518,17.28,b59adac864369a69
519,17.32,b59cdac864369a69
520,17.35,b59edac864369269
521,17.38,b59edac864369269
522,17.42,a59fdac864369269
523,17.45,a59edac86436926b
524,17.48,a59edac86436926b
525,17.52,a59edac86436926b
526,17.55,a59edac86436926b
527,17.58,a59edac86436926b
528,17.62,ad9edac86436924b
529,17.65,ad9edac86434964b
530,17.68,ad9ddac86434964b
531,17.72,ad9cdaca6034974b
532,17.75,ac9ddaca6034974b
533,17.78,ac9ddaca6034974b
534,17.82,ac9ddaca6034974b
535,17.85,ac9dd2ca6834974b
536,17.88,ac9dd2ca6834974b
537,17.92,ac9dd2ca6834974b
538,17.95,ac9dd2ca6834974b
539,17.98,ac9dd2ca6834974b
540,18.02,ac9dd3ca6834974a
541,18.05,ac9dd3ca6834974a
542,18.08,ac9dd3ca6834974a
543,18.12,ac9dd3ca6834974a
544,18.15,ac9d93ca6835974a
545,18.18,ac9d93ca6835974a
546,18.22,ac9d93ca6835974a
547,18.25,ac9d93ca683597c2
548,18.28,ac9d93ca683597c2
549,18.32,ac9d93ca683597c2
550,18.35,ac9d93ca683597c2
551,18.39,ac9d93ca683597c2
552,18.42,ac9d93ca683597c2
553,18.45,a89d93ca683d97c2
554,18.49,a89d93ca683d97c2
555,18.52,a89d93ca683d97c2
556,18.55,a89d93ca683d97c2
557,18.59,a89d93ca683d97c2
558,18.62,a89d93ca683d97c2
559,18.65,a89d97c2683d97c2
560,18.69,a89d97c2683d97c2
561,18.72,a89d97c2483d97c3
562,18.75,a89d97c2483d97c3
563,18.79,a99d97c6482d9743
564,18.82,899d97c6482d97c3
565,18.85,899f92c6482f97c3
566,18.89,899f92c6482f97c3
567,18.92,899f92c6482bb7c3
568,18.95,899f92c4482bb7c7
569,18.99,899f96c4482bb7c5
570,19.02,899f96c4482bb7c5
571,19.05,999f94c4482bb7c5
572,19.09,999f94c4482bb7c5
573,19.12,999f94c4482bb7c5
574,19.15,999f94c4482bb7c5
575,19.19,9b9f94c4482ab7c5
576,19.22,9b9f94c4482abbc5
577,19.25,9b9f94c4482abbc5
578,19.29,9b9f94c4482abbc5
579,19.32,9b9f94c4483abbc1
580,19.35,9b9bb4c4483abbc1
581,19.39,9b9bb4c4483abbc1
582,19.42,9b9bb4c44a3ab3c1
583,19.45,9b9bb4c44a3a9bc1
584,19.49,9b9bb4c44a3a9bc1
585,19.52,9b9bb4c44a3a9bc1
586,19.55,9b9bb4c44a3abac1
587,19.59,9b9bb4c44a3a9ac5
588,19.62,9b9bb4c44a3a9ac5
589,19.65,9b9bb4c4487a9ac5
590,19.69,9b9ab4c4487abac5
591,19.72,9b9ab4c44a7abac1
592,19.75,9b9ab4c44a7abac1
593,19.79,9b9bb4c44a7ab2c1
594,19.82,9b9ba4c44a7abac1
595,19.85,9b9ba4c44a7ab2c5
596,19.89,9b9ba4c44a7ab2c5
597,19.92,9b9fa4c44a7ab2c1
598,19.95,9b9fa5c4427ab2c1
599,19.99,9a9fa5cc427ab2c1
600,20.02,9a9fa5c4427abac1
601,20.05,9a9fa5c4427ab3c1
602,20.09,9a9fa5c4427ab3c1
603,20.12,9a9fad8c427ab1c1
604,20.15,9a9fa98c5272b3c1
605,20.19,9a9fa98c5272b1c9
606,20.22,9a9fa98c5272b1c9
607,20.25,9a9da98c52729dc9
608,20.29,9e9da98c527299c9
609,20.32,9e9ca9cc527299c9
610,20.35,9e9ca9cc527299c9
611,20.39,9e9ca9c850729fc9
612,20.42,9c9ca9c850769fc9
613,20.45,949da9c854369fc9
614,20.49,949dabc854369bc9
615,20.52,949dabc854369bc9
616,20.55,949dabc854369bc9
617,20.59,949dabc854369bc9
618,20.62,949cabca54369bc9
619,20.65,949cabca54369bc9
620,20.69,949dabc854369bc9
621,20.72,949dabc854369bc9
622,20.75,949dabc854369bc9
623,20.79,949dabc854369bc9
624,20.82,949cebc854369bc9
625,20.85,949deac854369bc9
626,20.89,959deac854368bc9
627,20.92,959dcac854369bc9
628,20.95,959dcac854369bc9
629,20.99,959dcaca54369ac9
630,21.02,959dcaca54369ac9
631,21.05,959dcaca54369ac9
632,21.09,959dcac855369ac9
633,21.12,959dcac855369ac9
634,21.15,959dcaca45369ac9
635,21.19,959dcaca45369ac9
636,21.22,959dcaca45369ac9
637,21.25,959dcaca443e9ac9
638,21.29,b599caca443e9ac9
639,21.32,b599caca443e9ac9
640,21.35,b999caca443e9ac9
641,21.39,b99bdaca243c98c9
642,21.42,b19bdaca243e98c9
643,21.45,b19bdaca243c9ac9
644,21.49,b19bdaca643c98c9
645,21.52,b39bdaca243c98c9
646,21.55,b39bd8ce243c98c9
647,21.59,b39bd8ce243c98c9
648,21.62,b39bd8ce043c98cb
649,21.65,b79bd8ca043c98cb
650,21.69,b79bd8ca243c98c3
651,21.72,b79fd8c0643c98c3
652,21.76,b79fd8c2243c98c3
653,21.79,b79ed8c2643c98c3
654,21.82,b79ed8c2643c98c3
655,21.86,b69ed8ca443c9ac3
656,21.89,b69ed8ca443c9ac3
657,21.92,b69ed8ca443c9ac3
658,21.96,b69ed8c2443d9ac3
659,21.99,b49ed8ca413d9ac3
660,22.02,b49edaca493992c3
661,22.06,a4bcdaca49399ac3
662,22.09,acbcdaca493992c3
663,22.12,acbcd2ca493b92c3
664,22.16,acbcd2ca493b92c3
665,22.19,acbcd2ca493e96c1
666,22.22,adbcd2c2493e96c1
667,22.26,adbcd2c2493e96c1
668,22.29,adbdd2c2483e96c1
669,22.32,adbdd2c2483e96c1
670,22.36,adbdd2c2483e96c1
671,22.39,adbdd2c2483e9683
672,22.42,ad9dd2c2487e9683
673,22.46,a99dd2c2487e96c3
674,22.49,a99dd6c2407e96c3
675,22.52,a999d6c2007e9ecb
676,22.56,8999d6c6007e9ecb
677,22.59,8999d6c6007e9ecb
678,22.62,8b9bd6c6007c96cb
679,22.66,8a9bd7c6007cb4cb
680,22.69,8a9ad5cf003cbccb
681,22.72,9a9ad5cb003cbccb
682,22.76,9a9ad5ca013dbcc3
683,22.79,9a9ad586013dbdc3
684,22.82,9a9af586003dbdc3
685,22.86,9a9af5c2003dbdc3
686,22.89,9a9afec2003dbd83
687,22.92,909efec2003dbdc3
688,22.96,959cfac2412dbcc3
689,22.99,9595fa82013dbec3
690,23.02,9595fa82017dbaa3
691,23.06,9595f282017dbea3
692,23.09,959dd2820179bec7
693,23.12,9d9dd2820978bcc7
694,23.16,9d9dd2860a78d4e3
695,23.19,9d9dd2860a7994e3
696,23.22,999dd2860b799ce2
697,23.26,999dd28609799ce3
698,23.29,999dd28609799ce3
699,23.32,9999d2860b799ce3
700,23.36,9999d2860b799ce3
701,23.39,9999d2860b799ce3
702,23.42,9999d2860b799ce3
703,23.46,9999d4860f7998e3
704,23.49,9b99d4860f7898e3
705,23.52,9b99d4860f7898e3
706,23.56,9b99d4860f7898e3
707,23.59,9b9bd4860f7890e3
708,23.62,9b9bd4864f7890e1
709,23.66,9b9bd4864f7890e1
710,23.69,9b9bd4864f7890e1
711,23.72,9b9bd4864f7890e1
712,23.76,9b9bd4844f7a90e1
713,23.79,9b9ad4850f78d8e1
714,23.82,9b9ac4850f7a58e3
715,23.86,9b9ac4a50d785ae3
716,23.89,9b9ac4a50d785ae3
717,23.92,9b9ac4a52d7852e3
718,23.96,9b9ac4ad2d7852c3
719,23.99,9a9ac4ad2d7852e3
720,24.02,9a9ac4ad2d71d2c3
721,24.06,9a9ac4ad2d71d2c3
722,24.09,9a9ac4ac2979d2e3
723,24.12,9a9ac4ac2b7b92c3
724,24.16,9a9ac4ac2a7b93c3
725,24.19,9a99c4ae2a7395c3
726,24.22,989dc4ae2a7b95c1
727,24.26,9995c4ae2a7b95c1
728,24.29,9995c4ae2a7395c5
729,24.32,9995c4ae4a7395c5
730,24.36,9995c4ac6a6b95c5
731,24.39,9995c5ac4a6b87c5
732,24.42,9895c5ac4a6a87e7
733,24.46,9895c5ac4a6a87e7
734,24.49,989dc5ac5a6287c7
735,24.52,989fc5ac5a7287c1
736,24.56,989fc5ac587296c3
737,24.59,9a9bc5ac585a16e3
738,24.62,9a9ac5bc585a16e3
739,24.66,9a9ac5bc585a16e3
740,24.69,9a9ac5bc585a16e3
741,24.72,9a9ac5ac785a16e3
742,24.76,989ac5b9585e16e3
743,24.79,999ec4a9585e16e3
744,24.82,999ec4a1587e16e3
745,24.86,9b9ec4a1585e16e3
746,24.89,9b9ec4a1587e1663
747,24.92,9b9fc4a1585e1663
748,24.96,9b9bcca1515e1663
749,24.99,b39bcca1515e1663
750,25.03,b39bcca151761663
751,25.06,b39bcca171761263
752,25.09,b39bcca373761043
753,25.13,b39bc8a373761063
754,25.16,b397c8a373761243
755,25.19,b397c8a2737e1243
756,25.23,b397caa2767e1242
757,25.26,b797caa2547f1244
758,25.29,9797caaa54771245
759,25.33,9797caaa547d1245
760,25.36,b79dcaa2547d1341
761,25.39,b79dcaaa547d1160
762,25.43,b59dcaaa547d1162
763,25.46,b49dcaaa545d1566
764,25.49,b49dcaaa545d1566
765,25.53,b49dcaaa445d9366
766,25.56,b49dcaaa447d9364
767,25.59,b49dcaea4c5d9360
768,25.63,b59dcaea441d9361
769,25.66,ad9dcaea4c3d1261
770,25.69,ad9dc2e84c3f1661
771,25.73,ad9dd2e0483f16e1
772,25.76,ad9dd2e0583e16e1
773,25.79,ad9dd2c0493e96e1
774,25.83,ad9dd2c0493e96e1
775,25.86,ad9dd2c8583e90e3
776,25.89,a99dd2ca583e92e1
777,25.93,a99dd6ca493692e1
778,25.96,899dd6c2493696e3
779,25.99,899dd6ca493496e3
780,26.03,899dd6ca493496e3
781,26.06,8b9bd4ca493496e3
782,26.09,9b9bd4c8493496e3
783,26.13,da9bd4ec4a349463
784,26.16,da9aa5e85a3c9562
785,26.19,da9aa5e8523c9d62
786,26.23,da9ae5e8103c9be2
787,26.26,9a9ec5ca143c9ae3
788,26.29,9a9ec5ca143c9ae3
789,26.33,9a9ecdc2153c9a63
790,26.36,9a9ee9c2543c9a63
791,26.39,d29ce8c6553c9a63
792,26.43,d59aaac4553c9a63
793,26.46,959deac2553c9a62
794,26.49,959deac2553c9a62
795,26.53,959deac2553c9a62
796,26.56,959dcac2553c9a63
797,26.59,959dcac2553a9a63
798,26.63,959dcac6553a9a61
799,26.66,959dcac6453a9ae1
800,26.69,959dcac6643a9ce1
801,26.73,959dcac4243a9ee3
802,26.76,959bcac4203a9fe3
803,26.79,959bcac4203a9fe3
804,26.83,9599dac464389be3
805,26.86,9d99dac604389be3
806,26.89,9d99dac604389be3
807,26.93,9d99dac604389be3
808,26.96,9d99dac604389be3
809,26.99,9d99dac604389be3
810,27.03,9d99dac604389be3
811,27.06,9d99dace04309be3
812,27.09,9d98dace04349be3
813,27.13,9d9ddaca04349b63
814,27.16,9d9ddaca04349b63
815,27.19,9d9cdaca44349b63
816,27.23,9d9cd2ca44349b6b
817,27.26,9d9dd2ca40349b6b
818,27.29,9d9dd2ca40349b6b
819,27.33,999dd2ca40349f6b
820,27.36,999dd2ca40359e6b
821,27.39,999dd6ca48359e4a
822,27.43,999dd6ca483d9e42
823,27.46,999dd6ca483d9e42
824,27.49,999dd6ca403d9f42
825,27.53,999dd6c2483d9f42
826,27.56,999dd6c2483d9f42
827,27.59,999dd6c2403d9f43
828,27.63,999dd6c6403c9f43
829,27.66,999df6c4403e9f41
830,27.69,999ff6c4403a9f41
831,27.73,999ff6c4403a9f41
832,27.76,999fe6c4403abf41
833,27.79,999fe6c4403abf41
834,27.83,999de6c4403ebe43
835,27.86,999deec2403cbe43
836,27.89,999deec2403cbe43
837,27.93,999deac2403cbf43
838,27.96,999deac2403cbf43
839,27.99,9d9deac2403cbe43
840,28.03,9d9deac2403cbe43
841,28.06,9d9deac2403cbe43
842,28.09,9d9deac6003cbe43
843,28.13,9d9deac6003cbe43
844,28.16,9d9deac6003cbe43
845,28.19,9d9deac4043abe43
846,28.23,9d9ddac4043abe43
847,28.26,9d9ddac6003cbac3
848,28.29,9d9ddac6003cbac3
849,28.33,9d9ddac2003cbec3
850,28.36,9d9ddac2003cbec3
851,28.4,9d9ddac2043cbac3
852,28.43,9d9ddac2043cbac3
853,28.46,9d9ddac2043cbac3
854,28.5,9d9ddac2043cbac3
855,28.53,9d9dd2ca043cbac3
856,28.56,9d9dd2ca043cbac3
857,28.6,9d9dd2ca053cb8c3
858,28.63,9d9dd2ca053cb8c3
859,28.66,9d9dd2ca053cb8c3
860,28.7,9d9dd2ce053c90cb
861,28.73,9d9dd2ce053c90cb
862,28.76,9d9dd2ce053c90cb
863,28.8,9d9ddace053490cb
864,28.83,9d9ddace053490cb
865,28.86,999dface053090eb
866,28.9,999dface053090eb
867,28.93,999dface053090eb
868,28.96,9999faee053090eb
869,29.0,9999faee053090eb
870,29.03,9999faee053090eb
871,29.06,9d99face053090eb
872,29.1,9d99face053090eb
873,29.13,9d99face053090eb
874,29.16,9d9dface043090eb
875,29.2,9d9dface043090eb
876,29.23,9d9dface043090eb
877,29.26,9d9dface043090eb
878,29.3,9d9dface043090eb
879,29.33,9d9dface043090eb
880,29.36,9d9dface043090eb
881,29.4,9d9dface043090eb
882,29.43,9d9dface043090eb
883,29.46,9d9dface043090eb
884,29.5,9d9dface043090eb
885,29.53,9d9de2ce043492eb
886,29.56,9d9fe2cc043492eb
887,29.6,9d9fc2cc043493eb
888,29.63,9d9fc0cc043693eb
889,29.66,9d9fc0c8043793eb
890,29.7,9d9fc0c81c3783e9
891,29.73,9d9fc0c81c3783e9
892,29.76,9d9fc0c81c3783e9
893,29.8,9d9fc0c81c3783e9
894,29.83,9d9fc0c81c3783e9
895,29.86,9d9fc0c81c379369
896,29.9,9d9fc2c81c369369
897,29.93,9d9fc2c81c369369
898,29.96,9d9fc2c81c369369
899,30.0,9d9fc2c81c769329
900,30.03,9d9fc2c81c769329
901,30.06,9d9fc2c81c768729
902,30.1,9d9fc2c81c768729
903,30.13,9d9fc2c81c368769
904,30.16,9d9fc2c8183e8769
905,30.2,9d9fc2c8103e8f69
906,30.23,9d9fc2c8103e8f69
907,30.26,9d9fc2c8103e9e69
908,30.3,9d9fc2c8103e9e69
909,30.33,9d9fc2c0303f9e61
910,30.36,9d9fc2c0313e9e61
911,30.4,9d9fc2c0313e9e61
912,30.43,9d9fc2c0313e9e61
913,30.46,9d9fc2c0313e9e61
914,30.5,9d9fc2c0313e8e63
915,30.53,9d9dc2c2313e8e63
916,30.56,9d9dc2c2313c9e63
917,30.6,bd9dc2c2303c9e63
918,30.63,b99dc2c2313c9e63
919,30.66,b99dcac2303c9e63
920,30.7,b99dcac2303c9e63
921,30.73,b99dcec2303c9c63
922,30.76,b99dcac6303c9c63
923,30.8,b99dcac6303c9c63
924,30.83,b99dcac6303c9c63
925,30.86,b99dcac6303c9c63
926,30.9,b19dcae6303c9c63
927,30.93,b19dcae632389c63
928,30.96,b19dcae622389c67
929,31.0,b19dcaee24389867
930,31.03,b199caee26389867
931,31.06,b199caee26389867
932,31.1,b199daee26189867
933,31.13,b199daee26109967
934,31.16,b199daee2610996d
935,31.2,b599daee26109969
936,31.23,b599dbee24109969
937,31.26,b599daee24309969
938,31.3,b599daee24309969
939,31.33,b599dace64309969
940,31.36,b599dace64309969
941,31.4,b598dace64349969
942,31.43,bd98dac86434996b
943,31.46,bd98daca6434916b
944,31.5,bd99d2ca6434916b
945,31.53,bd99d2ca6434916b
946,31.56,bd9dd2ca6434914b
947,31.6,bd9dd2ca6c34914a
948,31.63,b99dd2ca6c35914a
949,31.66,b99dd2ca6c35914a
950,31.7,b99dd2ca6c35914a
951,31.73,b99dd0ca6c35934a
952,31.77,b99dd4ca4c35934a
953,31.8,999fd4ce4835934a
954,31.83,999fd4ce483d9342
955,31.87,9b9fd4cc4839b342
956,31.9,9b9f94cc483bb342
957,31.93,9b9b94cc483bb742
958,31.97,9b9b94cc483bb744
959,32.0,9b9b94c4483bb745
960,32.03,9b9bb4c4483ab745
961,32.07,9b9bb4cc483ab741
962,32.1,9b9fa4cc483ab741
963,32.13,9b9fa4cc4a3ab641
964,32.17,9b9fa4cc4a3ab641
965,32.2,9b9fa4cc4a3ab641
966,32.23,9b9ea4cc5a3ab641
967,32.27,9b9fa4cc5a32b641
968,32.3,9a9eacc85a36b649
969,32.33,9a9fa9c85236b549
970,32.37,9e9ea9c85236b549
971,32.4,9e9ea9c85236b549
972,32.43,969ea9c85236b54b
973,32.47,969fa9ca5234a54b
974,32.5,969fa9ca5234a54b
975,32.53,969ca9ca5634ad4b
976,32.57,969ca9ca5634ad4b
977,32.6,949de9ca5434ad4b
978,32.63,949de9ca5434ad4b
979,32.67,949debca5434ac4b
980,32.7,959deaca5434ac4b
981,32.73,959dcaca5434ae4b
982,32.77,95bdcaca5434aa4b
983,32.8,959dcaca543caa4b
984,32.83,959dcaca543caa4b
985,32.87,9d9ccaca553caa43
986,32.9,9d9ccaca553caa43
987,32.93,9d9dcaca552c8a4b
988,32.97,9d9dcaca552c8a4b
989,33.0,bd9dcaca55248a4b
990,33.03,bd9dc2ca547c884b
991,33.07,bd9dc2ca14748ccb
992,33.1,bd9dc2ca14748ccb
993,33.13,bd9dc2ca14748ccb
994,33.17,bd9dc2ca14748ccb
995,33.2,bd9dc2ca14748c6b
996,33.23,bd9dc2ca14748c6b
997,33.27,bd9dc2ca14748c6b
998,33.3,bd9dc2ca14748c6b
999,33.33,bd9dc2ca14748c6b
1000,33.37,bd9dc28a147c8c6b
1001,33.4,bd9dc28e146c8d2b
1002,33.43,bd9dc28e14658d2b
1003,33.47,bd9dc28e18658d2b
1004,33.5,bd9dc2963865892b
1005,33.53,b99dc2963865893b
1006,33.57,b99dc2967065893b
1007,33.6,b99dc2967065893b
1008,33.63,b999c69270658d3b
1009,33.67,b999c692706d8c3b
1010,33.7,b999c692706d8d2b
1011,33.73,b99dc692706d8d23
1012,33.77,b99dc692706d8d23
1013,33.8,b99dc692706d8d23
1014,33.83,b99dc692306d8d33
1015,33.87,b99dc692306d8d33
1016,33.9,b99dc692306d8f23
1017,33.93,b99dc692306d8f23
1018,33.97,b99dc692306d8f23
1019,34.0,b99dc692306d8d63
1020,34.03,b99dc686306d8d63
1021,34.07,b999c6c6306d8d63
1022,34.1,b999c6e6304d8d63
1023,34.13,b999c6e6300d8f63
1024,34.17,b999c6e6300d8f63
1025,34.2,b999c6e630498f63
1026,34.23,b999c6e670498f62
1027,34.27,b999cee630198f62
1028,34.3,b999cee620198f66
1029,34.33,b999c6e660199b66
1030,34.37,b999c6e660199b66
1031,34.4,b999cee460199b66
1032,34.43,b99bc6e460199b66
1033,34.47,b99bc6e4601b9b64
1034,34.5,b99bd6e4601b9a64
1035,34.53,b99bd6e4601b9a64
1036,34.57,b99bd6e4601a9a65
1037,34.6,b99bd6e4601a9a65
1038,34.63,b99bd4e4601a9e65
1039,34.67,b99bd4e4611a9a65
1040,34.7,b99bd4c4611a9e65
1041,34.73,b99bd4e4611a9c65
1042,34.77,b99bd4c4613a9c65
1043,34.8,bb9bd4c4623a9865
1044,34.83,bb9bd4c4623a9865
1045,34.87,bb9bd4c4623a9865
1046,34.9,bb9bd4c4623a9865
1047,34.93,bb9bd4c4623b9960
1048,34.97,bb9bd4c4623b9960
1049,35.0,bb9bd4c4623b9960
1050,35.04,bb9bd4c4623b9960
1051,35.07,bb9bd4c4623b9960
1052,35.1,bb9bd4c4623b9960
1053,35.14,bb9f94c4623b9960
1054,35.17,bb9f94c4623b9960
1055,35.2,bb9f94c4623b9941
1056,35.24,bb9f95c4623a9941
1057,35.27,bb9f90c4663a9945
1058,35.3,bb9f90c4663a9a45
1059,35.34,bb9e90c5663a9a45
1060,35.37,bb9e90c5663a9a45
1061,35.4,9b9e94c56e3a9245
1062,35.44,9b9f94c56a3a9245
1063,35.47,9b9e94c56a3a9645
1064,35.5,9b9e94c54b3a9645
1065,35.54,9b9f84cd6a3a9445
1066,35.57,9b9f94cc6a3a9445
1067,35.6,9b9f84cc4a3a9555
1068,35.64,9b9f84cc5a3a9545
1069,35.67,9b9f85c45a3a9545
1070,35.7,9b9f85c45a3a9545
1071,35.74,9a9f85c55a3a9545
1072,35.77,9a9b85c55a3a9d45
1073,35.8,9a9b8dc5523a9d45
1074,35.84,9a9b8dc5523a9d45
1075,35.87,9a9aadc5523a9d45
1076,35.9,9a9aadc5523a9b45
1077,35.94,929aa9cd563a9b45
1078,35.97,969e89cd563a9b41
1079,36.0,969e89cd563a9b41
1080,36.04,969e89cd543a9bc1
1081,36.07,969e89cc543e9bc1
1082,36.1,969ec9cc54369bc1
1083,36.14,949fc9cc54369bc1
1084,36.17,949fc9cc54369bc1
1085,36.2,949fc9cc543699c9
1086,36.24,949fc9c8547689e9
1087,36.27,949fc9c8547689e9
1088,36.3,969ec9cc543699a9
1089,36.34,969ec9c8743699a9
1090,36.37,969dc9c8743699a9
1091,36.4,969dc9c8743699a9
1092,36.44,949dc9c8743699e9
1093,36.47,949dc9c8743699e9
1094,36.5,949dc9c8743699e9
1095,36.54,9c9dc9c8743699c9
1096,36.57,9c9dc9ca743691c9
1097,36.6,9c9dcbca743491c9
1098,36.64,9c9dcbca743491c9
1099,36.67,9c9dcbca743491c9
1100,36.7,9c9dcbca743499c1
1101,36.74,9c9dcbca743499c1
1102,36.77,9c9dcbca743499c1
1103,36.8,9c9dcbca64349bc1
1104,36.84,9c9dcbca64349bc1
1105,36.87,9c9dcbca643c93c1
1106,36.9,9c9dcbca64349bc1
1107,36.94,9c9dcbca643493c3
1108,36.97,9c9dcbca443493cb
1109,37.0,9c9dcbca443493cb
1110,37.04,949dcbca443493eb
1111,37.07,949ccbca44349beb
1112,37.1,949ccbca44349beb
1113,37.14,949dcaea44349aeb
1114,37.17,9499caee44349aeb
1115,37.2,9599caae44349aeb
1116,37.24,9d99caae44149aeb
1117,37.27,9d99caae44149aeb
1118,37.3,9d99caae44149aeb
1119,37.34,9d99caae44149aeb
1120,37.37,9d99caae44549aea
1121,37.4,9d99caae44549aea
1122,37.44,9d9bcaae44549ae2
1123,37.47,9d99caae445c9ae2
1124,37.5,9d99caae445c9ae2
1125,37.54,9d99caae455c92e2
1126,37.57,9d99caae455992e2
1127,37.6,9d99caa645789ae2
1128,37.64,9d99caa645789ae2
1129,37.67,9d99caa645789ae2
1130,37.7,9d99caa6457c1ae2
1131,37.74,9d99caa6457c1ae2
1132,37.77,9d99caa6457c1ae2
1133,37.8,9d99caa6457c9ac2
1134,37.84,9d99caa6457c9ac2
1135,37.87,9d9dca86457c9ac2
1136,37.9,9d9dca86457c9ac2
1137,37.94,9d9dca86457c9ac2
1138,37.97,9d9dca82457c9ac3
1139,38.0,9d9dca86457c9ac2
1140,38.04,9d9dc286457d9ac2
1141,38.07,9d9dc286457d9ac2
1142,38.1,9d9dc286457d9ac2
1143,38.14,9d9dc286457d9ac2
1144,38.17,9d9dd286457d92c2
1145,38.2,9d9fd284457c9ac2
1146,38.24,9d9fd284457c9ac2
1147,38.27,9d9fd284457c9ac2
1148,38.3,9d9fd2804d7c9ac2
1149,38.34,9d9fd2804d7c9ac2
1150,38.37,9d9fd280457c9ac3
1151,38.41,9d9fd280457c9ac3
1152,38.44,9d9fd280457c9ac3
1153,38.47,9d9fd280457c9ae2
1154,38.51,9d9fd280457d9ac2
1155,38.54,9d9fd280453d9ae2
1156,38.57,9d9fd280453d9ae2
1157,38.61,9d9fd280453d9ae2
1158,38.64,9d9dd2c2453d9ac2
1159,38.67,9d9dd2c24d3d92c2
1160,38.71,9d9dd2c24d3d92c2
1161,38.74,9d9dd2c24d3d92c2
1162,38.77,9d9dd2c2453d92e2
1163,38.81,9d9fd2c2453d92c2
1164,38.84,9d9fd2c2457d90c2
1165,38.87,9d9fd2c2417d94c2
1166,38.91,999fd2c2497d94c2
1167,38.94,999dd2ca493d94c3
1168,38.97,999dd2ce413d94c3
1169,39.01,999dd6ca413d94c3
1170,39.04,999dd6ce413d94c2
1171,39.07,999dd6ce413c94c3
1172,39.11,999dd6ce483c94c3
1173,39.14,999dd6ce483c94c3
1174,39.17,999dd6ce483c94c3
1175,39.21,9999d6ce4a3c94c3
1176,39.24,9999d6ce4a3c94c3
1177,39.27,9999d6ce4a3c94c3
1178,39.31,9999d6ce4a3c94c3
1179,39.34,999dd4ce4a3c94c3
1180,39.37,999dd4ce4a3c94c3
1181,39.41,999dd4ce4a3c94c3
1182,39.44,999dd4ce4a3c94c3
1183,39.47,999ddcce423495c3
1184,39.51,999cdcce423495cb
1185,39.54,999ddcce423494cb
1186,39.57,999ddcce4234b4c3
1187,39.61,999cd4ce4a3cb4c3
1188,39.64,9b9cd4ce4a74b4c1
1189,39.67,9b9dd4ce4a74b441
1190,39.71,9b9dd4ce4a34b4c1
1191,39.74,9b99d4ce4a36b4c1
1192,39.77,9a98f5ce4a3695c1
1193,39.81,9a98f5ce4a369561
1194,39.84,9a98fcce4a369561
1195,39.87,9b99fcce4a329161
1196,39.91,9b99fcce4a329161
1197,39.94,9b9bfccc4a329161
1198,39.97,9b9bfdcc42329161
1199,40.01,9a9bfdcc42369161
1200,40.04,9a9bfdcc42369149
1201,40.07,9a9bfdcc42369149
1202,40.11,9a9bfdcc42379109
1203,40.14,9a9bfdcc46379101
1204,40.17,929bfdcc463f9101
1205,40.21,929bf9cc467f9101
1206,40.24,929bf9cc467f9101
1207,40.27,9a99f9cc467f9101
1208,40.31,9a9bf9cc467e9101
1209,40.34,9a9bf9cc467e9101
1210,40.37,9a9bf9cc467e9101
1211,40.41,9a9bf9cc467e9101
1212,40.44,9a9bf9cc427eb101
1213,40.47,9a9bf9cc427ab109
1214,40.51,9a9bf9cc4a72b109
1215,40.54,9a9ff1cc4e729109
1216,40.57,9e9ff1cc4272b109
1217,40.61,9f9ff1cc42729109
1218,40.64,9f9ff1cc4270b109
1219,40.67,9f9ff0cc4270b10b
1220,40.71,9f9fe0cc4a70b10b
1221,40.74,9f9fe08c4e70912b
1222,40.77,9f9fe08c4e70912b
1223,40.81,9f9fe0cc4a70912b
1224,40.84,9f9fe0cc4a70912b
1225,40.87,9f9fe0cc4e709129
1226,40.91,9f9fe0cc4e709129
1227,40.94,9f9fe0cc4e709129
1228,40.97,9f9fe08c4e70912b
1229,41.01,9f9fe08c4e70912b
1230,41.04,9f9fe08c4e70912b
1231,41.07,9f9fe08c4e70912b
1232,41.11,9f9fc0cc4e729129
1233,41.14,9f9fc0cc4e729129
1234,41.17,9f9fc0cc5a729129
1235,41.21,9f9fc0cc58639529
1236,41.24,9f9fc0cc58739528
1237,41.27,9d9fc0cc58739728
1238,41.31,9d9fc2cc58739528
1239,41.34,9c9fc2cc50739768
1240,41.37,9d9fc2cc50639768
1241,41.41,9d9fc2cc50639768
1242,41.44,9c9fc2cc50679e68
1243,41.47,9c9fc2cc50679768
1244,41.51,9c9fc2cc50679768
1245,41.54,9c9fc2cc58679368
1246,41.57,999fc2cc58679368
1247,41.61,999fc2cc58679169
1248,41.64,999fc2cc58679169
1249,41.67,999fc2ec58679069
1250,41.71,999bc6fc502790e9
1251,41.74,999bc6fc502790e9
1252,41.78,999fc6fc502780e9
1253,41.81,999bcefc502780e9
1254,41.84,999bcefc500784e9
1255,41.88,999bcefe500682e9
1256,41.91,999bcefc50068ae9
1257,41.94,999bcefe500688e9
1258,41.98,b19bceec50068aeb
1259,42.01,b19bceec50068aeb
1260,42.04,b19fceec50068ae9
1261,42.08,b19fcee850068aeb
1262,42.11,b19fceea50048aeb
1263,42.14,b19bceea50148aeb
1264,42.18,b19fceea50148ae3
1265,42.21,b19bcee850149be3
1266,42.24,b19fcec850149be3
1267,42.28,b19fcec850149be3
1268,42.31,b19fccc8501c9be3
1269,42.34,b39bccc8501c9be3
1270,42.38,b39fccc850149be3
1271,42.41,b39fccc850149be3
1272,42.44,b39fccc8501c93e3
1273,42.48,b39fccc8501c93e3
1274,42.51,b39fc8c8501d17e3
1275,42.54,b39fc8e8501d13e3
1276,42.58,b39fc8e8501517e3
1277,42.61,b39fc8c8501d17e3
1278,42.64,b39fc8c8501d17e3
1279,42.68,b79fc8c8501d93e2
1280,42.71,b79fc8c8501d93e2
1281,42.74,b79fc8c8501d93e2
1282,42.78,b79fc8c8501d93e2
1283,42.81,b79fc8c8501793e2
1284,42.84,b69fc8c8503793e2
1285,42.88,b69fc9c8503593e2
1286,42.91,b69ec9c8503597e2
1287,42.94,b69ec9ca503517e2
1288,42.98,b69ec9ca503517e2
1289,43.01,b69cc9ca503517e6
1290,43.04,b49cd9ca503617e6
1291,43.08,b49dd9ca503615e6
1292,43.11,b49cdbca50361de4
1293,43.14,b49ddbca40361de4
1294,43.18,b49ddbca40361de1
1295,43.21,b49cdbca44361de1
1296,43.24,b49cdbca443c1de1
1297,43.28,a49cdbca443e1de1
1298,43.31,a49cdbda44361de1
1299,43.34,a49cdbda44341de5
1300,43.38,a49cdbda443c1ce5
1301,43.41,a49ddbda443c14e5
1302,43.44,a59ddada403c94e5
1303,43.48,a59ddada403c94e5
1304,43.51,a59ddad2403e94e5
1305,43.54,ad9ddad2403c94e5
1306,43.58,ad9ddac2403e94e5
1307,43.61,ad9d9ad2403e94e5
1308,43.64,ad9d9ac2443e94e5
1309,43.68,ad9d9ac2443c9ce5
1310,43.71,ad9d92c6443c9ce5
1311,43.74,ad9d92c6443c9ce5
1312,43.78,ad9d92c6443c95e5
1313,43.81,ad9d92d6443c94e5
1314,43.84,ad9d92d6443c95e1
1315,43.88,8d9f92d6443c95e1
1316,43.91,8d9d92d6462c9de1
1317,43.94,8d9f92d6442c9de1
1318,43.98,8d9f92d6442c9de1
1319,44.01,8d9f92d6442c9de1
1320,44.04,9d9f92d6442c99e1
1321,44.08,9d9f92d6442c99e1
1322,44.11,9d9b92d64c2c99e1
1323,44.14,9d9b92c64e3899e1
1324,44.18,9d9b92c64c3899e3
1325,44.21,9d9b92c64c3899e3
1326,44.24,9d9b92c64c3899e3
1327,44.28,9d9b92c64c7891e3
1328,44.31,9d9b92c64c3891e7
1329,44.34,9d9b92c64c7891c7
1330,44.38,9d9b92c64c7891e3
1331,44.41,9d9b92c64c7891e3
1332,44.44,9d9b92c64c7891e3
1333,44.48,999b92c64c7899e3
1334,44.51,999b92c44c7899eb
1335,44.54,999b92c44c789bcb
1336,44.58,999b92c44c789bcb
1337,44.61,999b92c44c3a9bcb
1338,44.64,999b92c44c3a9bcb
1339,44.68,999b92c44c3a9bcb
1340,44.71,999b96c44c3a9bc3
1341,44.74,999f86c44c3a9bc3
1342,44.78,999b86c44c3b9bc3
1343,44.81,999f86c44c3a9bc3
1344,44.84,999f86c44c3a93e3
1345,44.88,999f86c44c3a93e3
1346,44.91,999f86c44c3a93e3
1347,44.94,999f86c44c3a93e3
1348,44.98,999f86c44c3a93e3
1349,45.01,999f86c44c3a93e3
1350,45.05,999f86c4583a93e3
1351,45.08,999f86cc483a93e3
1352,45.11,999f86cc483a97c3
1353,45.15,999f86cc483a97c3
1354,45.18,999f86cc483a97c3
1355,45.21,999f86cc483e97c1
1356,45.25,999f86cc483e97c1
1357,45.28,999f86cc483e97c1
1358,45.31,999f86cc583a97c1
1359,45.35,999f86cc583a97c1
1360,45.38,999f86cc583297c9
1361,45.41,999f86cc583a97c1
1362,45.45,999f84cc583a97c9
1363,45.48,999f84cc583a97c9
1364,45.51,9b9f84cc583a97c1
1365,45.55,9b9f84cc583a97c1
1366,45.58,9b9f84cc583a97c1
1367,45.61,9b9f84cc583a97c1
1368,45.65,9b9f84cc583a97c1
1369,45.68,9b9f84cc5a3a95c1
1370,45.71,9b9f84cc5a3a95c1
1371,45.75,9b9f84cc523a9dc1
1372,45.78,9b9f84cc523a9dc1
1373,45.81,9b9f84cc523a9dc1
1374,45.85,9b9f8ccc523a99c1
1375,45.88,9b9f8ccc523a99c1
1376,45.91,9b9f8ccc523a99c1
1377,45.95,9b9f8ccc523a95c1
1378,45.98,9b9f8ccc523a95c1
1379,46.01,9b9f8ccc523a95c1
1380,46.05,9b9f8ccc523a95c1
1381,46.08,9b9f8ccc523a95c1
1382,46.11,9b9f8ccc523a95c1
1383,46.15,9b9f8ccc523a95c1
1384,46.18,9b9f8ccc523a95c1
1385,46.21,9b9f8ccc523a95c1
1386,46.25,9b9f8ccc523a95c1
1387,46.28,9b9f8ccc523a95c1
1388,46.31,9b9f8ccc523a95c1
1389,46.35,9b9f8ccc523a95c1
1390,46.38,9b9f8ccc523a95c1
1391,46.41,9b9f88cc523e95c1
1392,46.45,9b9f88cc523e95c1
1393,46.48,9b9f88cc523e95c1
1394,46.51,9b9f88cc523e95c1
1395,46.55,9b9f88c4523e9dc1
1396,46.58,9b9fa8c4523e95c1
1397,46.61,9b9fa8c4523e95c1
1398,46.65,9b9fa8c4523e95c1
1399,46.68,9a9fa9c4523e95c1
1400,46.71,9b9fa8c4523e95c1
1401,46.75,9b9f88c4523e9dc1
1402,46.78,9a9f89c4523e9dc1
1403,46.81,9a9f89c4523e9dc1
1404,46.85,9a9f89c4523e9dc1
1405,46.88,9a9f89c4523e9dc1
1406,46.91,9a9f89cc423e9dc1
1407,46.95,9a9f89cc423e9dc1
1408,46.98,9a9fc9c4423e9dc1
1409,47.01,9a9fc9c4423e9dc1
1410,47.05,9a9fc9c4423e9dc1
1411,47.08,9e9f89c4423e9dc1
1412,47.11,9e9fc9c4423e99c1
1413,47.15,9e9fc9c4423e99c1
1414,47.18,9e9fc9c4423e99c1
1415,47.21,9e9f89c4423e9dc1
1416,47.25,9e9f89c4463e99c1
1417,47.28,9e9f89c4463e99c1
1418,47.31,9e9fc9c4463e9941
1419,47.35,9e9fc9c4423e9d41
1420,47.38,9e9fc9c4423e9d41
1421,47.41,9e9fc9cc423a9d41
1422,47.45,9f9fc9c4423a9d41
1423,47.48,9f9fc9c4423a9d41
1424,47.51,9f9fc8cc443a9d41
1425,47.55,9f9fc8cc403abd41
1426,47.58,9f9fc8cc403abd41
1427,47.61,9f9fc8cc423a9d41
1428,47.65,9b9fc8c4423abd43
1429,47.68,9b9fc0cc523abc43
1430,47.71,9d9fc0cc423abc47
1431,47.75,9d9fe0cc403abc47
1432,47.78,999fe0cc503abc47
1433,47.81,999fe0cc503abc47
1434,47.85,999fe0cc503abc47
1435,47.88,999fe0cc503abc47
1436,47.91,999fe0cc583ab447
1437,47.95,999fe0cc583ab44d
1438,47.98,999fe0cc583ab44d
1439,48.01,999fe0cc583ab44d
1440,48.05,999fe0cc583ab44d
1441,48.08,999fe0cc583ab545
1442,48.11,999fe0cc583ab545
1443,48.15,999fe0cc583ab545
1444,48.18,999be0cc5a3ab545
1445,48.21,9b9be0cc5a3ab445
1446,48.25,9b9fe0cc523ab445
1447,48.28,9b9fe0cc523ab445
1448,48.31,9b9fa0cc5a3ab445
1449,48.35,9b9fa0cc5a3ab445
1450,48.38,9b9fa0cc5a3ab445
1451,48.42,9b9fa0cc5a3ab445
1452,48.45,9b9fe0cc5a3ab441
1453,48.48,9b9fa0cc5a3ab541
1454,48.52,9b9fe4c45a3ab441
1455,48.55,9b9fe4c45a3ab441
1456,48.58,9b9fa4c45a3ab541
1457,48.62,9b9fa4c45a3ab541
1458,48.65,9b9fa4c45a3ab541
1459,48.68,9b9ba4c45a3ab561
1460,48.72,9b9ba4c45a3ab561
1461,48.75,9b9ba4c45a3ab561
1462,48.78,9b9ba4c45a3ab561
1463,48.82,9b9ba4c45a3ab561
1464,48.85,9b9ba4c4523eb561
1465,48.88,9b9fa4c4503eb561
1466,48.92,9b9fe4c4502eb561
1467,48.95,9b9fc4c4503eb561
1468,48.98,9b9fe4c0503eb561
1469,49.02,9b9fe4c0503eb561
1470,49.05,9b9fe4c0503eb561
1471,49.08,9b9fc4c8503eb561
1472,49.12,9b9fc4c8503eb561
1473,49.15,9b9fc4c8503eb561
1474,49.18,9b9fc4c0523eb561
1475,49.22,9b9fc4c0523eb561
1476,49.25,9b9fc4c0523eb561
1477,49.28,9b9fc4c0523eb561
1478,49.32,9b9fe4c0503eb561
1479,49.35,9b9fe4c0503eb561
1480,49.38,9b9fe4c0503eb561
1481,49.42,9b9fe4c0503eb561
1482,49.45,9b9fe4c0503eb561
1483,49.48,9b9fe4c0503eb561
1484,49.52,999fe4c4503eb561
1485,49.55,999fe5c4501eb561
1486,49.58,999fe5c4501eb561
1487,49.62,999fe5c4501eb561
1488,49.65,999fe5e0501eb561
1489,49.68,999fe5e0501eb561
1490,49.72,999fe5e0501eb561
1491,49.75,9b9de5e0501eb561
1492,49.78,9b9de4e4501eb561
1493,49.82,9b9de4e4501eb561
1494,49.85,9b9de4e4501eb561
1495,49.88,9b9de4e4501eb561
1496,49.92,9b9de4e4521cb561
1497,49.95,9b9de4e4521ea561
1498,49.98,9b9de4e4521ea561
1499,50.02,9b9fc4e4521ea561
1500,50.05,9b9fc4e4521ea561
1501,50.08,9b9fc4e4521cb561
1502,50.12,9b9fc4e4521cb561
1503,50.15,9b9fc4e4521cb561
1504,50.18,9b9fcce4521ca561
1505,50.22,9b9dcce4521ca563
1506,50.25,9b9dcce4521ca563
1507,50.28,9b9dcce4521ca563
1508,50.32,9b9dcce4521ca563
1509,50.35,9b9fcce45218a563
1510,50.38,9b9fcce45218a563
1511,50.42,9b9fcce45218a563
1512,50.45,9b9fcce4521aa561
1513,50.48,9b9fcce4521aa561
1514,50.52,9b9fcce4521aa561
1515,50.55,9b9bcce4521aa565
1516,50.58,9b9bc8e4521ba565
1517,50.62,9b9bc8e4521aad65
1518,50.65,9b9bc8e4521aad65
1519,50.68,9b9bc8e4521aad65
1520,50.72,9b9bc8e4521aad65
1521,50.75,9f9bc8e4521aad61
1522,50.78,9f9bc8e4561aa961
1523,50.82,9f9bc8e4561aa961
1524,50.85,9f9bc8e4561aa961
1525,50.88,9f9bc8e4561aa961
1526,50.92,9f9bc8e4561aa961
1527,50.95,9f9fc8e4561a8961
1528,50.98,9f9fc8c4561e8961
1529,51.02,9f9fc8c4561e8961
1530,51.05,9f9fc8c8543e8961
1531,51.08,9d9fc8cc543c8963
1532,51.12,9d9fc8ca543c8963
1533,51.15,9d9fc0ca543c8b63
1534,51.18,9d9fc0ca543c8b63
1535,51.22,9d9dc2ca543c8b63
1536,51.25,9d9dc2ca443d9a63
1537,51.28,9d9dc2ce443d9962
1538,51.32,9d9dd0ce443d9962
1539,51.35,9d9dd0ce4c3d1962
1540,51.38,9d9dd0ce4c3d1962
1541,51.42,9d9fd0c64c3d1962
1542,51.45,9d9fc2c64c3b1946
1543,51.48,9d9fc2c44c3b1b45
1544,51.52,9d9fc2c45c3a1b45
1545,51.55,9d9fc2c45c3a1b45
1546,51.58,999fc2c45c3a1b65
1547,51.62,9b9fc4c44e3a1365
1548,51.65,9b9fc4cc4a3a1365
1549,51.68,9b9fc4cc4a3a1369
1550,51.72,9b9fc4cc5a3e1069
1551,51.75,9b9fc4cc5a361269
1552,51.79,9b9fc4cc5a361169
1553,51.82,9b9fc4c85a36154b
1554,51.85,9b9dc5ca5a34154b
1555,51.89,9b9dc5ca5a34154b
1556,51.92,9b9dc5ca5a3d1542
1557,51.95,9b9dc5c65a3d1542
1558,51.99,9b9fc1c45a3d1543
1559,52.02,9b9fc5c45a3a9541
1560,52.05,9b9fc5c45a3a9541
1561,52.09,9b9fe0c45a3a9545
1562,52.12,9b9fc1c45a3a9545
1563,52.15,9b9bc5c45a3a9545
1564,52.19,9b9bc5c45a3a9545
1565,52.22,9b9bc5c45a3a95c1
1566,52.25,9b9be1c45a3a85e1
1567,52.29,9b9be1c4523aa5e1
1568,52.32,9b9be1c4523aa5e1
1569,52.35,9b9be1c4523aa5e1
1570,52.39,9b9be1c4523aa5e1
1571,52.42,9b9fe1c4523aa1e1
1572,52.45,9b9fe1c4523aa1e1
1573,52.49,9b9fe1c4523aa1e1
1574,52.52,9b9fe1c4523aa1e1
1575,52.55,9b9fe1c4503aa5e1
1576,52.59,9b9fe1c4503aa5e1
1577,52.62,9b9fe1c4503aa5e1
1578,52.65,9b9fe0c4523aa5e1
1579,52.69,9b9fe0c4523aa5e1
1580,52.72,9b9be4c4523aa5e1
1581,52.75,9b9be4c4523aa5e1
1582,52.79,9b9be4c4523aa5e1
1583,52.82,9b9be4c4523aa5e1
1584,52.85,9b9be4c4523aa5e1
1585,52.89,9b9be4c4523aa5e1
1586,52.92,9b9be4c4523aa5e1
1587,52.95,9b9be4c4523aa5e1
1588,52.99,9b9be4c4523aa5e1
1589,53.02,9b9be4c4523aa5e1
1590,53.05,9b9be4c4523aa5e1
1591,53.09,9b9be4c4523aa5e1
1592,53.12,9b9be4c4523aa5e1
1593,53.15,9b9be4c4523aa5e1
1594,53.19,9b9fe0c4523aa5e1
1595,53.22,9b9fe0c4523aa5e1
1596,53.25,9b9fe0c4523aa5e1
1597,53.29,9b9fe0c4523aa5e1
1598,53.32,9b9fe0c4523aa5e1
1599,53.35,9b9fe0c4523aa5e1
1600,53.39,9b9be0c4523aade1
1601,53.42,9b9bc8c4523aade1
1602,53.45,9b9bc8c4523aade1
1603,53.49,9b9bc8c4523aade1
1604,53.52,9b9bc8c4523aade1
1605,53.55,9b9bc8c4523aade1
1606,53.59,9b9bccc4523a8de1
1607,53.62,9b9bccc4523a8de1
1608,53.65,9b9bccc4523a8de1
1609,53.69,9b9bccc4523a8de1
1610,53.72,9b9bccc4523a8de1
1611,53.75,9b9bccc4523a8de1
1612,53.79,9b9bccc4523a8de1
1613,53.82,9b9bccc4523a8de1
1614,53.85,9b9fc8c4523a8de1
1615,53.89,9b9fc8c4523a8de1
1616,53.92,9b9fc8c4523a8de1
1617,53.95,9b9fc8c4523a8de1
1618,53.99,9b9fc8c4523a8de1
1619,54.02,9b9fc8c4523a8de1
1620,54.05,9b9fc8c4523a8de1
1621,54.09,9b9fc8c4523a8de1
1622,54.12,9b9fc8c4503aade1
1623,54.15,9b9fc8c4503aade1
1624,54.19,9b9fc8c4503aade1
1625,54.22,999fc8cc503aade1
1626,54.25,999fc8cc503aade1
1627,54.29,999fc8cc503aade1
1628,54.32,9b9fc8cc503a8de1
1629,54.35,9b9fc8cc503a8de1
1630,54.39,999fc8cc503e8de1
1631,54.42,999fc8cc503e8de1
1632,54.45,999fc8cc503aade1
1633,54.49,999fc8cc503aade1
1634,54.52,999fc8cc503e8be1
1635,54.55,9d9fc8cc503a8be1
1636,54.59,9d9fc8cc503a8be1
1637,54.62,9d9fc8cc503a8be1
1638,54.65,9d9fc8cc503e89e1
1639,54.69,9d9fc8cc503e89e1
1640,54.72,9d9fc8cc503e89e1
1641,54.75,9d9fc8cc503a99e1
1642,54.79,9d9fc8cc503a99e1
1643,54.82,9d9dc8cc503e99e1
1644,54.85,9d9dc8cc503e99e1
1645,54.89,9d9dc8cc543a99e1
1646,54.92,9d9dc8cc543a99e1
1647,54.95,9d9dc8cc543a99e1
1648,54.99,9d9dc8cc543a99e1
1649,55.02,9d9fc8c4543a99e1
1650,55.05,9d9fc8cc503a99e1
1651,55.09,9d9fc8cc503a99e1
1652,55.12,9d9fc8cc503a99e1
1653,55.16,9d9fc8cc503a99e1
1654,55.19,9d9fc8c4503e99e1
1655,55.22,9d9fc8c4503e99e1
1656,55.26,9d9fc9c0503e99e1
1657,55.29,9d9fc8c0543e99e1
1658,55.32,9d9fc8c0543e99e1
1659,55.36,9d9fc8c0543e99e1
1660,55.39,9d9fc8c4543a99e1
1661,55.42,9d9fc8c4543a99e1
1662,55.46,9d9fc8c4543a99e1
1663,55.49,9d9fc8c4503e99e1
1664,55.52,9d9fc8cc503a99e1
1665,55.56,9d9fc8cc503a99e1
1666,55.59,9d9fc8c4503e99e1
1667,55.62,9d9fc8c4503e99e1
1668,55.66,999fc8cc503e99e1
1669,55.69,999fc8cc503e99e1
1670,55.72,999fc8cc503e99e1
1671,55.76,999fc8cc503e99e1
1672,55.79,999fc8cc503e99e1
1673,55.82,999fc8cc503e99e1
1674,55.86,999fc8cc503e99e1
1675,55.89,999fc8cc503e99e1
1676,55.92,999fc8cc503e99e1
1677,55.96,999fc8c4503e9de1
1678,55.99,999fc0cc503e9de1
1679,56.02,999fc0cc503e9de1
1680,56.06,999fc0cc503e9de1
1681,56.09,999fc0cc503e9de1
1682,56.12,9b9fc0cc503e95e1
1683,56.16,9b9fc0cc503e95e1
1684,56.19,9b9fc0cc503e95e1
1685,56.22,999fc0cc503e9de1
1686,56.26,9b9fc0cc503e95e1
1687,56.29,9b9fc0cc503e95e1
1688,56.32,9b9fc0cc503e95e1
1689,56.36,9b9fc0cc503e95e1
1690,56.39,9b9fc0cc503e95e1
1691,56.42,9b9fc0cc503e95e1
1692,56.46,9b9fc0cc503e95e1
1693,56.49,999fc0cc503eb5e1
1694,56.52,999fc0cc503eb5e1
1695,56.56,999fc0cc503eb5e1
1696,56.59,999fc0cc503eb5e1
1697,56.62,999fc0cc503eb5e1
1698,56.66,999fc0cc503eb5e1
1699,56.69,999fc0cc503eb5e1
1700,56.72,999fc0cc503eb5e1
1701,56.76,999fc4cc503e95e1
1702,56.79,999fc4cc503e95e1
1703,56.82,999fc4cc503e95e1
1704,56.86,999fc4cc503e95e1
1705,56.89,999fc4cc503e95e1
1706,56.92,999fc4cc503e95e1
1707,56.96,999fc0cc503eb5e1
1708,56.99,9b9fc0cc503e95e1
1709,57.02,9b9fc0cc503e95e1
1710,57.06,9b9fc0cc503e95e1
1711,57.09,9b9fc0cc503e95e1
1712,57.12,9b9fc0cc503e95e1
1713,57.16,9b9fc0cc503e95e1
1714,57.19,9b9fc0cc503e95e1
1715,57.22,9b9fc0cc503e95e1
1716,57.26,9b9fc0cc503e95e1
1717,57.29,9b9fc0cc503e95e1
1718,57.32,9b9fc0cc503e8de1
1719,57.36,9b9fc0cc503e8de1
1720,57.39,9b9fc0c8503e9de1
1721,57.42,9b9fc8c8503e8de1
1722,57.46,9b9fc0cc503e95e1
1723,57.49,9b9fc4c4503e8de1
1724,57.52,9b9fc4c4523a8de1
1725,57.56,9b9fc4c4503a9de1
1726,57.59,9b9fc4c4503a9de1
1727,57.62,9b9fccc4503a8de1
1728,57.66,9b9fccc4503a8de1
1729,57.69,9b9fccc4503a8de1
1730,57.72,9b9fccc4503a8de1
1731,57.76,9b9fccc4503a8de1
1732,57.79,9b9fccc8503a8de1
1733,57.82,9b9fccc8503a8de1
1734,57.86,9b9bccc8503e8de1
1735,57.89,9b9fccc8503e8dc1
1736,57.92,9b9bccc8503e8de1
1737,57.96,9b9bccc8503e8de1
1738,57.99,9b9fccc0503e8de1
1739,58.02,9b9fccc4503a8de1
1740,58.06,9b9fccc4503a8de1
1741,58.09,9b9fccc4503a8de1
1742,58.12,9b9fccc4503a8de1
1743,58.16,9b9becc4503a8de1
1744,58.19,9b9becc4503a8de1
1745,58.22,9b9becc4503a8de1
1746,58.26,9b9becc4503a8de1
1747,58.29,9b9fecc4503a85e1
1748,58.32,9b9becc4503e85e1
1749,58.36,9b9fecc0503e85e1
1750,58.39,9b9fecc0503e85e1
1751,58.43,9b9fecc4503e85c1
1752,58.46,9b9becc4503e8dc1
1753,58.49,9b9fecc0503e8dc1
1754,58.53,9b9fecc0503e8dc1
1755,58.56,9b9becc4503e8dc1
1756,58.59,9b9becc4503e8dc1
1757,58.63,9b9becc4503e8dc1
1758,58.66,9b9becc4503a8de1
1759,58.69,9b9becc4503a8de1
1760,58.73,9b9becc4503aadc1
1761,58.76,9b9becc4503aadc1
1762,58.79,9b9becc8503aadc1
1763,58.83,9b9becc4503aadc1
1764,58.86,9b9becc4503aadc1
1765,58.89,9b9becc4503aadc1
1766,58.93,9b9becc4503aadc1
1767,58.96,9b9beccc503a8dc1
1768,58.99,9b9be8c8503eadc1
1769,59.03,9b9be8c8503eadc1
1770,59.06,9b9be8c8503eadc1
1771,59.09,9b9be8c8503eadc1
1772,59.13,9b9be8c8503eadc1
1773,59.16,999fe8c8503eadc1
1774,59.19,999fe8c8503eadc1
1775,59.23,999fe8c8503eadc1
1776,59.26,999fe8c8503eadc1
1777,59.29,999fe8c8503eadc1
1778,59.33,999fe8c8503eadc1
1779,59.36,999fe8c8503eadc1
1780,59.39,999fe8c8503eadc1
1781,59.43,999fe8c8503eadc1
1782,59.46,999fe8c8503eadc1
1783,59.49,999fe8c8503eadc1
1784,59.53,999fe8c8503eadc1
1785,59.56,999fe8c8503eadc1
1786,59.59,999fe8c8503eadc1
1787,59.63,999fe8c8503eadc1
1788,59.66,999fe8c8503eadc1
1789,59.69,999fe8c8503eadc1
1790,59.73,999fe8c8503eadc1
1791,59.76,999fe8c8503eadc1
1792,59.79,999fe8c8503eadc1
1793,59.83,999fe8c8503eadc1
1794,59.86,999fe8c8503eadc1
1795,59.89,999fe8c8503eadc1
1796,59.93,999fe8c8503eadc1
1797,59.96,999fe8c8503eadc1
1798,59.99,999fe8c8503eadc1
1799,60.03,999fe8c8503eadc1
1800,60.06,9b9fe8c0503eadc1
1801,60.09,9b9fe8c0503eadc1
1802,60.13,9b9fe8c0503eadc1
1803,60.16,9b9fe8c0503eadc1
1804,60.19,9b9fe8c0503eadc1
1805,60.23,9b9fe8c0503eadc1
1806,60.26,9b9fe8c0503eadc1
1807,60.29,9b9fe8c0503eadc1
1808,60.33,9b9fe8c0503eadc1
1809,60.36,9b9fe8c0503eadc1
1810,60.39,9b9fe8c0503eadc1
1811,60.43,9b9fe8c0503eadc1
1812,60.46,9b9fe8c0503eadc1
1813,60.49,9b9fe8c0503eadc1
1814,60.53,9b9fe8c0503eadc1
1815,60.56,9b9fe8c0503eadc1
1816,60.59,9b9fe8c0503eadc1
1817,60.63,9b9fe8c0503eadc1
1818,60.66,9b9fe8c0503eadc1
1819,60.69,9b9fe8c0503eadc1
1820,60.73,9b9fe8c0503eadc1
1821,60.76,9b9fe8c0503eadc1
1822,60.79,999be9c4503eadc1
1823,60.83,999be9c4503eadc1
1824,60.86,989be9cc503eadc1
1825,60.89,909bedcc503aade1
1826,60.93,909bedcc503aade1
1827,60.96,909bedcc503aade1
1828,60.99,909befcc5032ade1
1829,61.03,909befcc5032ade1
1830,61.06,909befcc5032ade1
1831,61.09,909befcc5032ade1
1832,61.13,909bedcc503aade1
1833,61.16,909bedcc503aade1
1834,61.19,909bedcc503aade1
1835,61.23,909bedcc503aade1
1836,61.26,909bedcc503aade1
1837,61.29,909bedcc503aade1
1838,61.33,919beccc503aade1
1839,61.36,999becc4503aade1
1840,61.39,999be8c4503eade1
1841,61.43,999be8c4503eade1
1842,61.46,9b9be8c4503eadc1
1843,61.49,9b9be8c4503eadc1
1844,61.53,9b9be8c4503eadc1
1845,61.56,9b9be8c4503eadc1
1846,61.59,9b9be8c4503eadc1
1847,61.63,9b9be8c4503eadc1
1848,61.66,9b9be8c0503eade1
1849,61.69,9b9be8c0503eade1
1850,61.73,9b9be8c0503eade1
1851,61.76,9b9be8c0503eade1
1852,61.8,9b9be8c0503eade1
1853,61.83,9b9be8c0503eade1
1854,61.86,9b9be8c0503eade1
1855,61.9,9b9be8c0503eade1
1856,61.93,9b9be8c0503eade1
1857,61.96,9b9be8c0503eade1
1858,62.0,9b9be8c0503eade1
1859,62.03,9b9be8c0503eade1
1860,62.06,9b9be8c0503eade1
1861,62.1,9b9be8c0523e8de1
1862,62.13,9b9be8c0523e8de1
1863,62.16,9b9be8c0523e8de1
1864,62.2,9b9be8c0523e8de1
1865,62.23,9b9be8c0523e8de1
1866,62.26,9b9be8c0523e8de1
1867,62.3,9b9be8c0523e8de1
1868,62.33,9b9be8c0523e8de1
1869,62.36,9b9be8c0523e8de1
1870,62.4,9b9be8c0523e8de1
1871,62.43,9b9be8c0523e8de1
1872,62.46,9b9be8c0523e8de1
1873,62.5,9b9be8c0523e8de1
1874,62.53,9b9bc8c4523e8de1
1875,62.56,9b9bc8c4523e8de1
1876,62.6,9b9bc8c4523e8de1
1877,62.63,9b9bc8c4523e8de1
1878,62.66,9b9bc8c4523e8de1
1879,62.7,9b9bc8c4523e8de1
1880,62.73,9b9be8c4523e8dc1
1881,62.76,9b9bc8c4523e8de1
1882,62.8,9b9be8c4523e8dc1
1883,62.83,9b9bc8c4523e8de1
1884,62.86,9b9fc8c4523e8dc1
1885,62.9,9b9fc8c4523e89e1
1886,62.93,9b9bc9c4523e89e1
1887,62.96,9b9bc9c4523e89e1
1888,63.0,9b9bc9c4523e89e1
1889,63.03,9a9fc9c4523e89e1
1890,63.06,9a9fc9c4523e89e1
1891,63.1,9a9fc9c4523e89e1
1892,63.13,9a9fc9c4503e99e1
1893,63.16,9a9fc9c4503e99e1
1894,63.2,9a9fc9c4503e99e1
1895,63.23,9a9fc9c4503e99e1
1896,63.26,9a9fc9c4503e99e1
1897,63.3,9a9fc9c4503e99e1
1898,63.33,9a9fc9c4503e99e1
1899,63.36,999fc9c4503e99e1
1900,63.4,999fc9c4503e8de1
1901,63.43,999fc9c4503e8de1
1902,63.46,999fc9c4503e8de1
1903,63.5,999fc9c4503e8de1
1904,63.53,999fc9c4503e8de1
1905,63.56,999fc9c4503e8de1
1906,63.6,999fe8c4503e8de1
1907,63.63,999fe8c4503e8de1
1908,63.66,999fe8c4503e8de1
1909,63.7,999fc8cc503e8de1
1910,63.73,999fe8c4503eadc1
1911,63.76,999fccc4503eadc1
1912,63.8,999fccc4503eadc1
1913,63.83,999becc4503eadc1
1914,63.86,999becc4503eadc1
1915,63.9,999becc4503eadc1
1916,63.93,999becc4503eadc1
1917,63.96,999becc4503eadc1
1918,64.0,999becc4503eadc1
1919,64.03,999becc4503eadc1
1920,64.06,9b9bccc0503ebdc1
1921,64.1,9b9bccc0503ebdc1
1922,64.13,999bccc4503ebdc1
1923,64.16,999bccc4503ebdc1
1924,64.2,999bccc4503ebdc1
1925,64.23,999bccc4503ebdc1
1926,64.26,999bccc4503ebdc1
1927,64.3,999bccc4503ebdc1
1928,64.33,999bccc4503ebdc1
1929,64.36,999bccc4503ebdc1
1930,64.4,999bccc4503ebdc1
1931,64.43,919becc4503ebdc1
1932,64.46,919becc4503ebdc1
1933,64.5,919becc4503ebdc1
1934,64.53,919becc4503ebdc1
1935,64.56,919becc4503ebdc1
1936,64.6,919becc4503ebdc1
1937,64.63,919becc4503ebdc1
1938,64.66,919fe8c4503ebdc1
1939,64.7,919fe8c4503ebdc1
1940,64.73,919fe8c4503ebdc1
1941,64.76,919fe8c4503ebdc1
1942,64.8,919fe8c4503ebdc1
1943,64.83,919fe8c4503ebdc1
1944,64.86,919fe8c4503ebdc1
1945,64.9,919fe8c4503ebdc1
1946,64.93,999fe8c4503ebd41
1947,64.96,999fe8c4503ebd41
1948,65.0,999fe8c4503ebd41
1949,65.03,999fe8c4503ebd41
1950,65.06,999fe8c4503ebd41
1951,65.1,999fe8c4503ebd41
1952,65.13,999fe8c4503ebd41
1953,65.17,999fe8c4503ebd41
1954,65.2,999fe8c4503ebd41
1955,65.23,999fe8cc503eb941
1956,65.27,999fe8cc503eb941
1957,65.3,999fe8cc503eb941
1958,65.33,919fe8cc503eb961
1959,65.37,919fe8cc503eb961
1960,65.4,999fe8cc503eb8c1
1961,65.43,999fe8cc503eb8c1
1962,65.47,999fe8cc503cb8c3
1963,65.5,999fe8cc503cb8c3
1964,65.53,999fe8cc503cb8c3
1965,65.57,999fe8cc503ca8e3
1966,65.6,9d9be8cc503ca8e3
1967,65.63,9d9be8cc503ca8e3
1968,65.67,9d9be8cc5434a8e3
1969,65.7,9d9fe8cc5434a863
1970,65.73,9f9be8cc5434a863
1971,65.77,9f9be8cc5434a863
1972,65.8,9f9be8cc5434a863
1973,65.83,9f9be8cc5434a863
1974,65.87,9f9be8cc5430a8e3
1975,65.9,9f9be8cc5430a8e3
1976,65.93,9f9be8cc5430a8e3
1977,65.97,9f9be8cc5432a863
1978,66.0,9f9fc8cc5432a869
1979,66.03,9f9bc8cc5632a869
1980,66.07,9f9fc8cc5432a869
1981,66.1,9f9fc8cc56328869
1982,66.13,9f9fc8cc56328869
1983,66.17,9f9fc8cc56328869
1984,66.2,9f9fc8cc56328869
1985,66.23,9b9fc8cc56368869
1986,66.27,9b9fc8cc52368969
1987,66.3,9b9fc8cc52368969
1988,66.33,9b9fc8cc503e8969
1989,66.37,9b9fc8cc503e8969
1990,66.4,9b9fc8cc50368d69
1991,66.43,9b9fc8cc50368d69
1992,66.47,9b9fc8cc50368d69
1993,66.5,9b9fc8cc50368d69
1994,66.53,939fc8cc503e8d69
1995,66.57,919fcacc50368f69
1996,66.6,919fcacc50368f69
1997,66.63,919fcacc50368f69
1998,66.67,919fcccc50368f69
1999,66.7,919fcccc50368f69
2000,66.73,919fcccc50368de9
2001,66.77,919fcccc50368f69
2002,66.8,919fcccc503e8e69
2003,66.83,939fcccc50368e69
2004,66.87,939fcccc503e8c69
2005,66.9,939fcccc503e8c69
2006,66.93,939fcccc503e8c69
2007,66.97,939fc8cc503e9c69
2008,67.0,939fc8cc503e9c69
2009,67.03,939fc8cc503e9c69
2010,67.07,939fc8cc503e9c69
2011,67.1,939fc8cc523e9c61
2012,67.13,939fc8cc523e9c61
2013,67.17,939fc8cc523e9c61
2014,67.2,979fc8c8563e9861
2015,67.23,979fc8c8563e9861
2016,67.27,979fc8c8563e9861
2017,67.3,979fc8c8563e9861
2018,67.33,979fc8c8563e9861
2019,67.37,979fc8c8563e9861
2020,67.4,979fc8c8563e9861
2021,67.43,979fc8c856369961
2022,67.47,979fc8c8563c9961
2023,67.5,979fc8c8563c9961
2024,67.53,979fc8c8563c9961
2025,67.57,979fc8c856369961
2026,67.6,979fc8c8563c9961
2027,67.63,979fc8c8563c9961
2028,67.67,979fc8c8543c9963
2029,67.7,979fc8cc54349963
2030,67.73,979fc8cc54349963
2031,67.77,959fc8cc54369963
2032,67.8,959fc8cc5434996b
2033,67.83,959fcac85434996b
2034,67.87,959fcac854349b69
2035,67.9,959fcac844349b6b
2036,67.93,959fcac854349b69
2037,67.97,959fcac844369b69
2038,68.0,959fcac844369b69
2039,68.03,959fcac844369b69
2040,68.07,959fcac844369ae9
2041,68.1,959fcac844369ae9
2042,68.13,9d9fcac844369a69
2043,68.17,9d9fcac844369a69
2044,68.2,9d9fcac844369a69
2045,68.23,9d9fcac844369a69
2046,68.27,9d9fcac8443698e9
2047,68.3,9d9fcac8443698e9
2048,68.33,9d9fcac8443698e9
2049,68.37,9d9fc8c8443699e9
2050,68.4,9d9fc8c8443699e9
2051,68.44,9b9fc8c840369de9
2052,68.47,9b9fc8c840369de9
2053,68.5,9b9fc8c840369de9
